date_sk,date,country,top_browser,top_browser_requests,top_browser_share_pct
20091024,2009-10-24,Canada,Other,5,50.00
20091024,2009-10-24,France,Firefox,1,100.00
20091025,2009-10-25,United Kingdom,IE,20,100.00
20091102,2009-11-02,United Kingdom,IE,3553,94.97
20091103,2009-11-03,United Kingdom,IE,2982,82.10
20091106,2009-11-06,United Kingdom,IE,187,66.55
20091120,2009-11-20,Spain,IE,10,100.00
20091120,2009-11-20,United Kingdom,IE,277,100.00
20091120,2009-11-20,United States,IE,662,97.35
20091123,2009-11-23,Hong Kong,Firefox,2,100.00
20091123,2009-11-23,United Kingdom,IE,1444,74.36
20091130,2009-11-30,Canada,Firefox,414,100.00
20091130,2009-11-30,United States,Googlebot,168,88.42
20091207,2009-12-07,Argentina,Firefox,38,55.88
20091207,2009-12-07,Australia,IE,43,100.00
20091207,2009-12-07,Brazil,Firefox,1,100.00
20091207,2009-12-07,Canada,IE,33,97.06
20091207,2009-12-07,Chile,IE,26,100.00
20091207,2009-12-07,China,Other,3,33.33
20091207,2009-12-07,Denmark,IE,15,100.00
20091207,2009-12-07,Estonia,IE,21,100.00
20091207,2009-12-07,France,Firefox,16,76.19
20091207,2009-12-07,Germany,IE,16,94.12
20091207,2009-12-07,India,Firefox,17,77.27
20091207,2009-12-07,Ireland,Firefox,1,100.00
20091207,2009-12-07,New Zealand,Ask Jeeves,3,100.00
20091207,2009-12-07,Russia,Maxthon,18,46.15
20091207,2009-12-07,Slovenia,Firefox,16,100.00
20091207,2009-12-07,South Africa,IE,1,100.00
20091207,2009-12-07,Sweden,IE,1,100.00
20091207,2009-12-07,Taiwan,Firefox,1,100.00
20091207,2009-12-07,The Netherlands,IE,63,100.00
20091207,2009-12-07,Türkiye,Firefox,6,75.00
20091207,2009-12-07,United Kingdom,IE,529,89.06
20091207,2009-12-07,United States,Googlebot,1681,74.15
20091211,2009-12-11,Argentina,Firefox,17,100.00
20091211,2009-12-11,Brazil,IE,33,100.00
20091211,2009-12-11,Canada,Firefox,16,100.00
20091211,2009-12-11,China,Sogou web spider,2,50.00
20091211,2009-12-11,France,IE,46,97.87
20091211,2009-12-11,Germany,IE,15,100.00
20091211,2009-12-11,India,IE,1,100.00
20091211,2009-12-11,Japan,IE,15,100.00
20091211,2009-12-11,Malaysia,Firefox,15,100.00
20091211,2009-12-11,New Zealand,Ask Jeeves,2,100.00
20091211,2009-12-11,Peru,IE,14,100.00
20091211,2009-12-11,Poland,IE,4,100.00
20091211,2009-12-11,Russia,Other,4,100.00
20091211,2009-12-11,Spain,Firefox,1,100.00
20091211,2009-12-11,Sweden,IE,13,100.00
20091211,2009-12-11,The Netherlands,IE,15,100.00
20091211,2009-12-11,Türkiye,IE,6,50.00
20091211,2009-12-11,United Kingdom,IE,83,77.57
20091211,2009-12-11,United States,Yahoo! Slurp,231,32.58
20091213,2009-12-13,Argentina,Firefox,39,100.00
20091213,2009-12-13,Canada,Firefox,16,100.00
20091213,2009-12-13,Chile,IE,99,80.49
20091213,2009-12-13,China,Baiduspider,1,100.00
20091213,2009-12-13,Germany,IE,131,100.00
20091213,2009-12-13,Greece,Firefox,76,100.00
20091213,2009-12-13,India,Firefox,1,100.00
20091213,2009-12-13,Indonesia,IE,16,94.12
20091213,2009-12-13,New Zealand,Ask Jeeves,2,100.00
20091213,2009-12-13,Russia,Other,3,100.00
20091213,2009-12-13,Sweden,Safari,20,100.00
20091213,2009-12-13,Türkiye,IE,4,100.00
20091213,2009-12-13,United Kingdom,Firefox,101,60.84
20091213,2009-12-13,United States,robot,380,43.43
20100104,2010-01-04,Argentina,IE,1,100.00
20100104,2010-01-04,Australia,Mobile Safari,23,100.00
20100104,2010-01-04,Belgium,Firefox,1,100.00
20100104,2010-01-04,Brazil,IE,15,100.00
20100104,2010-01-04,China,Baiduspider,1,100.00
20100104,2010-01-04,Costa Rica,IE,3,100.00
20100104,2010-01-04,Czechia,IE,15,100.00
20100104,2010-01-04,Ecuador,Nutscrape,548,96.65
20100104,2010-01-04,Finland,IE,1,100.00
20100104,2010-01-04,Germany,IE,85,96.59
20100104,2010-01-04,Ghana,Chrome,15,100.00
20100104,2010-01-04,India,IE,11,100.00
20100104,2010-01-04,Indonesia,Chrome,22,100.00
20100104,2010-01-04,Italy,IE,15,100.00
20100104,2010-01-04,Japan,Baiduspider,1,100.00
20100104,2010-01-04,New Zealand,Ask Jeeves,4,100.00
20100104,2010-01-04,Nigeria,IE,11,100.00
20100104,2010-01-04,Russia,Other,165,90.66
20100104,2010-01-04,South Korea,Firefox,1,100.00
20100104,2010-01-04,Spain,IE,4,100.00
20100104,2010-01-04,The Netherlands,IE,11,100.00
20100104,2010-01-04,Türkiye,IE,2,100.00
20100104,2010-01-04,United Kingdom,IE,237,92.58
20100104,2010-01-04,United States,Yahoo! Slurp,210,55.12
20100105,2010-01-05,Argentina,IE,31,64.58
20100105,2010-01-05,Chile,IE,17,100.00
20100105,2010-01-05,China,IE,40,95.24
20100105,2010-01-05,Costa Rica,IE,13,100.00
20100105,2010-01-05,Cyprus,IE,10,100.00
20100105,2010-01-05,Finland,IE,1,100.00
20100105,2010-01-05,Germany,Firefox,21,61.76
20100105,2010-01-05,Hong Kong,Firefox,2,100.00
20100105,2010-01-05,Hungary,Opera,16,100.00
20100105,2010-01-05,India,IE,16,100.00
20100105,2010-01-05,Indonesia,IE,2,100.00
20100105,2010-01-05,Japan,IE,3,75.00
20100105,2010-01-05,Philippines,Firefox,16,100.00
20100105,2010-01-05,Russia,Other,193,100.00
20100105,2010-01-05,South Africa,IE,1,100.00
20100105,2010-01-05,Switzerland,Firefox,40,100.00
20100105,2010-01-05,Türkiye,Firefox,2,100.00
20100105,2010-01-05,United Arab Emirates,IE,19,100.00
20100105,2010-01-05,United Kingdom,IE,79,100.00
20100105,2010-01-05,United States,Yahoo! Slurp,359,34.62
20100106,2010-01-06,Argentina,IE,1418,98.95
20100106,2010-01-06,Australia,IE,32,100.00
20100106,2010-01-06,Belgium,Firefox,14,100.00
20100106,2010-01-06,Brazil,Firefox,52,100.00
20100106,2010-01-06,Cabo Verde,IE,325,100.00
20100106,2010-01-06,Canada,Other,1,100.00
20100106,2010-01-06,Chile,Firefox,24,100.00
20100106,2010-01-06,China,IE,3,75.00
20100106,2010-01-06,Ecuador,IE,15,100.00
20100106,2010-01-06,Germany,IE,112,100.00
20100106,2010-01-06,India,IE,15,100.00
20100106,2010-01-06,Japan,IE,5,83.33
20100106,2010-01-06,Mexico,Other,57,78.08
20100106,2010-01-06,Morocco,IE,15,100.00
20100106,2010-01-06,New Zealand,Firefox,17,100.00
20100106,2010-01-06,Oman,IE,15,100.00
20100106,2010-01-06,Philippines,IE,87,100.00
20100106,2010-01-06,Russia,Other,293,99.66
20100106,2010-01-06,Spain,IE,16,100.00
20100106,2010-01-06,Sweden,IE,15,100.00
20100106,2010-01-06,United Kingdom,Firefox,121,49.59
20100106,2010-01-06,United States,Yahoo! Slurp,449,58.92
20100112,2010-01-12,Argentina,Firefox,37,100.00
20100112,2010-01-12,Australia,IE,28,100.00
20100112,2010-01-12,Belgium,IE,15,100.00
20100112,2010-01-12,Canada,Other,3753,99.89
20100112,2010-01-12,Chile,Firefox,19,100.00
20100112,2010-01-12,China,Baiduspider,2,50.00
20100112,2010-01-12,Egypt,IE,15,100.00
20100112,2010-01-12,Finland,Firefox,2,100.00
20100112,2010-01-12,France,Firefox,16,100.00
20100112,2010-01-12,Germany,Firefox,173,91.05
20100112,2010-01-12,India,IE,25,100.00
20100112,2010-01-12,Ivory Coast,IE,15,100.00
20100112,2010-01-12,Japan,IE,4,66.67
20100112,2010-01-12,Latvia,Other,1,100.00
20100112,2010-01-12,New Zealand,Ask Jeeves,2,100.00
20100112,2010-01-12,Norway,Firefox,32,94.12
20100112,2010-01-12,Portugal,IE,14,100.00
20100112,2010-01-12,Russia,Other,97,61.78
20100112,2010-01-12,South Korea,IE,15,100.00
20100112,2010-01-12,Taiwan,IE,19,86.36
20100112,2010-01-12,The Netherlands,IE,46,69.70
20100112,2010-01-12,United Kingdom,Firefox,119,53.85
20100112,2010-01-12,United States,Googlebot,1822,75.29
20100112,2010-01-12,Unknown,IE,3,100.00
20100113,2010-01-13,Argentina,IE,82,97.62
20100113,2010-01-13,Australia,Firefox,16,100.00
20100113,2010-01-13,Belgium,IE,16,100.00
20100113,2010-01-13,Brazil,SeaMonkey,15,100.00
20100113,2010-01-13,Chile,Chrome,16,100.00
20100113,2010-01-13,China,Baiduspider,1,100.00
20100113,2010-01-13,France,Other,25,89.29
20100113,2010-01-13,Germany,Firefox,16,51.61
20100113,2010-01-13,Japan,IE,2,66.67
20100113,2010-01-13,New Zealand,IE,37,94.87
20100113,2010-01-13,Philippines,IE,15,100.00
20100113,2010-01-13,Puerto Rico,Firefox,3,100.00
20100113,2010-01-13,Romania,IE,21,100.00
20100113,2010-01-13,Russia,Other,83,81.37
20100113,2010-01-13,Spain,IE,11,100.00
20100113,2010-01-13,The Netherlands,IE,73,100.00
20100113,2010-01-13,Türkiye,IE,15,100.00
20100113,2010-01-13,United Kingdom,IE,498,75.45
20100113,2010-01-13,United States,Googlebot,1382,68.01
20100113,2010-01-13,Uruguay,Firefox,16,100.00
20100117,2010-01-17,Argentina,IE,66,100.00
20100117,2010-01-17,Australia,IE,175,87.94
20100117,2010-01-17,Brazil,Chrome,20,83.33
20100117,2010-01-17,China,Sogou web spider,2,40.00
20100117,2010-01-17,Ecuador,IE,19,100.00
20100117,2010-01-17,Germany,IE,16,55.17
20100117,2010-01-17,Greece,IE,20,95.24
20100117,2010-01-17,India,Chrome,10,76.92
20100117,2010-01-17,Japan,Safari,26,96.30
20100117,2010-01-17,Norway,Firefox,16,100.00
20100117,2010-01-17,Philippines,Firefox,16,94.12
20100117,2010-01-17,Poland,IE,24,100.00
20100117,2010-01-17,Russia,Other,189,100.00
20100117,2010-01-17,Spain,IE,68,98.55
20100117,2010-01-17,Sweden,Speedy Spider,2,100.00
20100117,2010-01-17,The Netherlands,IE,99,100.00
20100117,2010-01-17,Türkiye,IE,15,100.00
20100117,2010-01-17,United Kingdom,Chrome,143,53.16
20100117,2010-01-17,United States,Googlebot,1191,73.52
20100131,2010-01-31,Argentina,Chrome,21,100.00
20100131,2010-01-31,Australia,IE,9,100.00
20100131,2010-01-31,Canada,IE,3,60.00
20100131,2010-01-31,Czechia,Firefox,21,51.22
20100131,2010-01-31,Finland,Safari,15,100.00
20100131,2010-01-31,France,Firefox,16,88.89
20100131,2010-01-31,Germany,Firefox,14,82.35
20100131,2010-01-31,India,IE,12,100.00
20100131,2010-01-31,Indonesia,Firefox,2,100.00
20100131,2010-01-31,Macao,IE,44,100.00
20100131,2010-01-31,Russia,Other,224,64.37
20100131,2010-01-31,Slovenia,Firefox,22,95.65
20100131,2010-01-31,Spain,Firefox,26,100.00
20100131,2010-01-31,Thailand,IE,1,100.00
20100131,2010-01-31,Türkiye,IE,2,100.00
20100131,2010-01-31,United Kingdom,IE,292,100.00
20100131,2010-01-31,United States,Yahoo! Slurp,189,32.81
20100131,2010-01-31,Uruguay,Firefox,16,100.00
20100204,2010-02-04,Argentina,Firefox,120,100.00
20100204,2010-02-04,Australia,Firefox,16,100.00
20100204,2010-02-04,Belgium,IE,381,100.00
20100204,2010-02-04,Canada,Firefox,27,100.00
20100204,2010-02-04,Denmark,IE,111,100.00
20100204,2010-02-04,Ecuador,Nutscrape,46,100.00
20100204,2010-02-04,France,Other,65,75.58
20100204,2010-02-04,Germany,Firefox,81,100.00
20100204,2010-02-04,Hong Kong,IE,31,100.00
20100204,2010-02-04,India,IE,64,100.00
20100204,2010-02-04,Italy,IE,25,80.65
20100204,2010-02-04,Japan,ichiro,462,99.78
20100204,2010-02-04,Luxembourg,IE,2,100.00
20100204,2010-02-04,Mexico,IE,103,100.00
20100204,2010-02-04,New Zealand,Ask Jeeves,2,100.00
20100204,2010-02-04,Poland,IE,20,100.00
20100204,2010-02-04,Russia,Other,198,84.98
20100204,2010-02-04,Slovakia,IE,15,100.00
20100204,2010-02-04,Spain,IE,16,55.17
20100204,2010-02-04,Sweden,Safari,15,100.00
20100204,2010-02-04,Thailand,IE,15,100.00
20100204,2010-02-04,The Netherlands,Safari,21,100.00
20100204,2010-02-04,Türkiye,IE,2,100.00
20100204,2010-02-04,United Kingdom,IE,126,73.68
20100204,2010-02-04,United States,Yahoo! Slurp,300,30.43
20100205,2010-02-05,Argentina,IE,14,100.00
20100205,2010-02-05,Armenia,IE,13,100.00
20100205,2010-02-05,Australia,Firefox,33,100.00
20100205,2010-02-05,Brazil,IE,39,100.00
20100205,2010-02-05,Canada,Firefox,17,100.00
20100205,2010-02-05,China,Sogou web spider,3,37.50
20100205,2010-02-05,Denmark,IE,14,100.00
20100205,2010-02-05,Greece,Java,1,100.00
20100205,2010-02-05,Japan,ichiro,36,94.74
20100205,2010-02-05,Luxembourg,IE,1,100.00
20100205,2010-02-05,Malaysia,Firefox,1,100.00
20100205,2010-02-05,New Zealand,Ask Jeeves,2,100.00
20100205,2010-02-05,Peru,Firefox,30,100.00
20100205,2010-02-05,Romania,Firefox,38,100.00
20100205,2010-02-05,Russia,Other,88,80.00
20100205,2010-02-05,South Korea,Yeti,2,66.67
20100205,2010-02-05,Taiwan,Firefox,16,100.00
20100205,2010-02-05,The Netherlands,IE,16,100.00
20100205,2010-02-05,Ukraine,IE,1,100.00
20100205,2010-02-05,United Kingdom,IE,24,60.00
20100205,2010-02-05,United States,Yahoo! Slurp,140,36.08
20100205,2010-02-05,Unknown,IE,1,100.00
20100221,2010-02-21,Botswana,IE,16,100.00
20100221,2010-02-21,China,hitcrawler_0,2,50.00
20100221,2010-02-21,Denmark,Safari,15,100.00
20100221,2010-02-21,Germany,IE,22,38.60
20100221,2010-02-21,Japan,IE,15,100.00
20100221,2010-02-21,New Zealand,IE,3,100.00
20100221,2010-02-21,Pakistan,IE,12,100.00
20100221,2010-02-21,Poland,IE,20,100.00
20100221,2010-02-21,Russia,Other,96,69.57
20100221,2010-02-21,Singapore,Safari,11,100.00
20100221,2010-02-21,Spain,Firefox,31,59.62
20100221,2010-02-21,Ukraine,IE,1,100.00
20100221,2010-02-21,United Kingdom,Firefox,324,95.29
20100221,2010-02-21,United States,Yahoo! Slurp,149,33.18
20100221,2010-02-21,Unknown,Firefox,1,100.00
20100302,2010-03-02,Argentina,Chrome,38,57.58
20100302,2010-03-02,Belgium,Firefox,11,100.00
20100302,2010-03-02,China,Sogou web spider,2,66.67
20100302,2010-03-02,Croatia,IE,15,100.00
20100302,2010-03-02,Ecuador,IE,15,100.00
20100302,2010-03-02,Germany,Firefox,82,83.67
20100302,2010-03-02,India,IE,5,100.00
20100302,2010-03-02,Israel,IE,1,100.00
20100302,2010-03-02,Italy,Safari,20,100.00
20100302,2010-03-02,Japan,IE,3,100.00
20100302,2010-03-02,Latvia,IE,16,100.00
20100302,2010-03-02,Malaysia,IE,15,100.00
20100302,2010-03-02,New Zealand,IE,6,100.00
20100302,2010-03-02,Peru,IE,55,100.00
20100302,2010-03-02,Russia,Other,130,100.00
20100302,2010-03-02,Singapore,Safari,3,100.00
20100302,2010-03-02,Sweden,Speedy Spider,6,100.00
20100302,2010-03-02,Switzerland,IE,29,100.00
20100302,2010-03-02,Taiwan,Other,1,100.00
20100302,2010-03-02,United Kingdom,IE,1551,98.66
20100302,2010-03-02,United States,Yahoo! Slurp,220,26.70
20100304,2010-03-04,Argentina,IE,15,100.00
20100304,2010-03-04,Canada,Firefox,38,51.35
20100304,2010-03-04,China,Baiduspider,1,100.00
20100304,2010-03-04,Germany,IE,149,100.00
20100304,2010-03-04,Italy,Firefox,16,100.00
20100304,2010-03-04,Mexico,Firefox,17,77.27
20100304,2010-03-04,Romania,Firefox,17,100.00
20100304,2010-03-04,Russia,Other,157,98.13
20100304,2010-03-04,Singapore,Safari,2,100.00
20100304,2010-03-04,Spain,IE,32,100.00
20100304,2010-03-04,The Netherlands,Other,1,100.00
20100304,2010-03-04,Türkiye,IE,2,100.00
20100304,2010-03-04,United Kingdom,Chrome,143,50.89
20100304,2010-03-04,United States,IE,282,31.02
20100307,2010-03-07,China,Baiduspider,1,100.00
20100307,2010-03-07,Cyprus,Firefox,17,100.00
20100307,2010-03-07,France,IE,1,100.00
20100307,2010-03-07,Germany,yacybot,3,75.00
20100307,2010-03-07,Iran,Firefox,3,100.00
20100307,2010-03-07,Malaysia,IE,1,100.00
20100307,2010-03-07,New Zealand,IE,6,100.00
20100307,2010-03-07,Russia,Other,91,100.00
20100307,2010-03-07,Slovakia,IE,15,100.00
20100307,2010-03-07,Slovenia,Firefox,26,96.30
20100307,2010-03-07,Spain,IE,24,100.00
20100307,2010-03-07,Sweden,Speedy Spider,4,100.00
20100307,2010-03-07,United Kingdom,IE,161,99.38
20100307,2010-03-07,United States,Yahoo! Slurp,256,35.16
20100309,2010-03-09,Argentina,IE,38,100.00
20100309,2010-03-09,Canada,IE,1,100.00
20100309,2010-03-09,Chile,IE,26,100.00
20100309,2010-03-09,China,Firefox,3,75.00
20100309,2010-03-09,Colombia,IE,15,100.00
20100309,2010-03-09,France,Maxthon,1,100.00
20100309,2010-03-09,Germany,Firefox,22,100.00
20100309,2010-03-09,Japan,IE,1,100.00
20100309,2010-03-09,Malaysia,Firefox,2,100.00
20100309,2010-03-09,New Zealand,Ask Jeeves,4,100.00
20100309,2010-03-09,Peru,IE,15,100.00
20100309,2010-03-09,Russia,Other,90,100.00
20100309,2010-03-09,Spain,IE,15,100.00
20100309,2010-03-09,Sweden,Speedy Spider,4,100.00
20100309,2010-03-09,Switzerland,Firefox,102,100.00
20100309,2010-03-09,Türkiye,IE,6,100.00
20100309,2010-03-09,Ukraine,IE,1,100.00
20100309,2010-03-09,United Kingdom,IE,503,92.46
20100309,2010-03-09,United States,Yahoo! Slurp,224,37.27
20100314,2010-03-14,Brazil,IE,60,100.00
20100314,2010-03-14,Chile,IE,60,100.00
20100314,2010-03-14,China,Sogou web spider,2,50.00
20100314,2010-03-14,Czechia,Firefox,23,100.00
20100314,2010-03-14,Germany,Firefox,15,100.00
20100314,2010-03-14,Greece,Firefox,17,100.00
20100314,2010-03-14,Italy,IE,15,100.00
20100314,2010-03-14,Japan,IE,1,100.00
20100314,2010-03-14,Lithuania,Opera,1,100.00
20100314,2010-03-14,New Zealand,Ask Jeeves,2,100.00
20100314,2010-03-14,Russia,Other,92,98.92
20100314,2010-03-14,South Africa,IE,15,100.00
20100314,2010-03-14,Spain,IE,67,100.00
20100314,2010-03-14,Sweden,Speedy Spider,2,100.00
20100314,2010-03-14,Thailand,IE,2,100.00
20100314,2010-03-14,United Kingdom,IE,476,62.63
20100314,2010-03-14,United States,Yahoo! Slurp,288,42.79
20100315,2010-03-15,Australia,Firefox,22,100.00
20100315,2010-03-15,Canada,Firefox,83,84.69
20100315,2010-03-15,China,Maxthon,45,90.00
20100315,2010-03-15,Greece,IE,1,100.00
20100315,2010-03-15,Indonesia,Firefox,3,100.00
20100315,2010-03-15,Italy,IE,111,100.00
20100315,2010-03-15,Japan,IE,5,100.00
20100315,2010-03-15,Malaysia,Firefox,1,100.00
20100315,2010-03-15,Mexico,Firefox,44,100.00
20100315,2010-03-15,Pakistan,Firefox,13,100.00
20100315,2010-03-15,Peru,IE,30,100.00
20100315,2010-03-15,Russia,Other,196,92.89
20100315,2010-03-15,Sweden,Firefox,22,73.33
20100315,2010-03-15,The Netherlands,IE,182,98.38
20100315,2010-03-15,Türkiye,IE,2,100.00
20100315,2010-03-15,United Arab Emirates,IE,30,100.00
20100315,2010-03-15,United Kingdom,IE,1243,88.60
20100315,2010-03-15,United States,Firefox,458,39.52
20100322,2010-03-22,Argentina,Firefox,20,58.82
20100322,2010-03-22,Australia,IE,61,55.96
20100322,2010-03-22,Belgium,IE,15,100.00
20100322,2010-03-22,Chile,Firefox,56,62.92
20100322,2010-03-22,China,Baiduspider,1,50.00
20100322,2010-03-22,Denmark,IE,41,100.00
20100322,2010-03-22,Germany,Firefox,103,100.00
20100322,2010-03-22,Hong Kong,Other,1,100.00
20100322,2010-03-22,Italy,IE,15,100.00
20100322,2010-03-22,Malaysia,Chrome,15,100.00
20100322,2010-03-22,New Zealand,Safari,107,100.00
20100322,2010-03-22,Peru,Chrome,15,100.00
20100322,2010-03-22,Philippines,IE,2,100.00
20100322,2010-03-22,Russia,Other,164,99.39
20100322,2010-03-22,Sint Maarten,Safari,22,100.00
20100322,2010-03-22,South Korea,IE,1,100.00
20100322,2010-03-22,Sweden,IE,60,100.00
20100322,2010-03-22,The Netherlands,IE,43,100.00
20100322,2010-03-22,United Kingdom,IE,187,66.79
20100322,2010-03-22,United States,IE,252,32.10
20100322,2010-03-22,Vietnam,IE,2,100.00
20100406,2010-04-06,Argentina,IE,1404,98.94
20100406,2010-04-06,Australia,Firefox,16,34.78
20100406,2010-04-06,Belgium,Netscape,15,100.00
20100406,2010-04-06,Chile,IE,14,100.00
20100406,2010-04-06,China,Baiduspider,1,50.00
20100406,2010-04-06,Colombia,IE,148,100.00
20100406,2010-04-06,France,Firefox,17,100.00
20100406,2010-04-06,Germany,Firefox,16,88.89
20100406,2010-04-06,Greece,Chrome,16,100.00
20100406,2010-04-06,India,IE,49,100.00
20100406,2010-04-06,Indonesia,Chrome,4,100.00
20100406,2010-04-06,Luxembourg,Firefox,20,100.00
20100406,2010-04-06,Namibia,Firefox,16,100.00
20100406,2010-04-06,Nicaragua,IE,10,100.00
20100406,2010-04-06,Russia,Other,258,99.61
20100406,2010-04-06,Slovakia,IE,15,100.00
20100406,2010-04-06,Sweden,Chrome,21,100.00
20100406,2010-04-06,The Netherlands,Opera,3,100.00
20100406,2010-04-06,Türkiye,Firefox,16,100.00
20100406,2010-04-06,United Kingdom,Firefox,44,51.76
20100406,2010-04-06,United States,IE,228,43.35
20100406,2010-04-06,Venezuela,Firefox,16,100.00
20100406,2010-04-06,Vietnam,Firefox,1,100.00
20100419,2010-04-19,Argentina,IE,61,100.00
20100419,2010-04-19,Australia,IE,58,76.32
20100419,2010-04-19,Austria,Firefox,31,100.00
20100419,2010-04-19,Brazil,Firefox,23,100.00
20100419,2010-04-19,Chile,IE,30,66.67
20100419,2010-04-19,China,Baiduspider,1,50.00
20100419,2010-04-19,France,Firefox,3,75.00
20100419,2010-04-19,Germany,IE,192,92.31
20100419,2010-04-19,India,Firefox,2,66.67
20100419,2010-04-19,Indonesia,Firefox,15,100.00
20100419,2010-04-19,Italy,Safari,15,100.00
20100419,2010-04-19,Japan,IE,114,89.06
20100419,2010-04-19,Mexico,IE,14,100.00
20100419,2010-04-19,New Zealand,Ask Jeeves,3,100.00
20100419,2010-04-19,Norway,IE,136,100.00
20100419,2010-04-19,Pakistan,Firefox,17,100.00
20100419,2010-04-19,Portugal,IE,16,100.00
20100419,2010-04-19,Puerto Rico,IE,15,93.75
20100419,2010-04-19,Russia,Other,404,95.51
20100419,2010-04-19,Türkiye,Firefox,6,75.00
20100419,2010-04-19,United Kingdom,IE,118,100.00
20100419,2010-04-19,United States,Yahoo! Slurp,173,34.74
20100422,2010-04-22,Argentina,Firefox,16,100.00
20100422,2010-04-22,Australia,IE,26,100.00
20100422,2010-04-22,Belgium,IE,71,100.00
20100422,2010-04-22,Chile,IE,37,100.00
20100422,2010-04-22,China,Baiduspider,2,100.00
20100422,2010-04-22,Ecuador,Firefox,20,100.00
20100422,2010-04-22,Fiji,IE,7,100.00
20100422,2010-04-22,France,IE,14,100.00
20100422,2010-04-22,Germany,Firefox,22,100.00
20100422,2010-04-22,Hungary,Firefox,15,100.00
20100422,2010-04-22,India,Firefox,25,100.00
20100422,2010-04-22,Ireland,Firefox,14,100.00
20100422,2010-04-22,Italy,Firefox,16,51.61
20100422,2010-04-22,Japan,IE,17,89.47
20100422,2010-04-22,Romania,IE,15,100.00
20100422,2010-04-22,Russia,Other,4,66.67
20100422,2010-04-22,Spain,IE,15,100.00
20100422,2010-04-22,Türkiye,IE,7,100.00
20100422,2010-04-22,United Kingdom,IE,39,100.00
20100422,2010-04-22,United States,Googlebot,972,62.71
20100422,2010-04-22,Vietnam,Firefox,2,100.00
20100423,2010-04-23,Argentina,Firefox,4,100.00
20100423,2010-04-23,Australia,Firefox,16,94.12
20100423,2010-04-23,Belgium,IE,27,100.00
20100423,2010-04-23,Chile,IE,5,100.00
20100423,2010-04-23,China,Baiduspider,41,93.18
20100423,2010-04-23,Croatia,Firefox,112,100.00
20100423,2010-04-23,Ecuador,IE,23,100.00
20100423,2010-04-23,Egypt,IE,15,100.00
20100423,2010-04-23,France,Firefox,20,57.14
20100423,2010-04-23,Germany,Firefox,28,100.00
20100423,2010-04-23,Indonesia,IE,1,50.00
20100423,2010-04-23,Mexico,Safari,15,100.00
20100423,2010-04-23,New Zealand,Ask Jeeves,2,100.00
20100423,2010-04-23,Pakistan,IE,18,100.00
20100423,2010-04-23,Peru,IE,16,100.00
20100423,2010-04-23,Portugal,IE,16,100.00
20100423,2010-04-23,Russia,Other,27,65.85
20100423,2010-04-23,Slovakia,IE,20,100.00
20100423,2010-04-23,South Korea,Chrome,15,100.00
20100423,2010-04-23,Spain,Firefox,24,60.00
20100423,2010-04-23,The Netherlands,Other,2,66.67
20100423,2010-04-23,Türkiye,IE,248,98.41
20100423,2010-04-23,Ukraine,Firefox,41,100.00
20100423,2010-04-23,United Kingdom,IE,94,69.63
20100423,2010-04-23,United States,Googlebot,848,71.20
20100423,2010-04-23,Unknown,Safari,14,93.33
20100424,2010-04-24,Argentina,Chrome,22,100.00
20100424,2010-04-24,Australia,Firefox,16,80.00
20100424,2010-04-24,Austria,IE,15,100.00
20100424,2010-04-24,Bulgaria,Firefox,16,100.00
20100424,2010-04-24,China,Baiduspider,49,66.22
20100424,2010-04-24,France,Firefox,19,100.00
20100424,2010-04-24,Indonesia,Firefox,1,100.00
20100424,2010-04-24,Iran,IE,4,100.00
20100424,2010-04-24,Japan,IE,1,100.00
20100424,2010-04-24,Lithuania,AOL,1,100.00
20100424,2010-04-24,Mexico,IE,16,100.00
20100424,2010-04-24,Norway,IE,15,93.75
20100424,2010-04-24,Russia,Other,61,100.00
20100424,2010-04-24,Switzerland,Firefox,27,100.00
20100424,2010-04-24,The Netherlands,Safari,15,100.00
20100424,2010-04-24,Türkiye,Firefox,2,100.00
20100424,2010-04-24,Ukraine,IE,1,100.00
20100424,2010-04-24,United Kingdom,IE,45,45.00
20100424,2010-04-24,United States,Yahoo! Slurp,181,29.97
20100425,2010-04-25,Argentina,IE,15,100.00
20100425,2010-04-25,Belgium,IE,15,100.00
20100425,2010-04-25,Brazil,IE,13,100.00
20100425,2010-04-25,Canada,Other,2,50.00
20100425,2010-04-25,Chile,IE,54,100.00
20100425,2010-04-25,China,Baiduspider,45,95.74
20100425,2010-04-25,Colombia,IE,15,100.00
20100425,2010-04-25,Czechia,Firefox,139,69.15
20100425,2010-04-25,Greece,IE,15,100.00
20100425,2010-04-25,Japan,Firefox,18,52.94
20100425,2010-04-25,Libya,IE,73,100.00
20100425,2010-04-25,Mexico,Firefox,35,100.00
20100425,2010-04-25,New Zealand,Ask Jeeves,3,100.00
20100425,2010-04-25,Norway,IE,22,100.00
20100425,2010-04-25,Peru,IE,242,100.00
20100425,2010-04-25,Qatar,IE,14,100.00
20100425,2010-04-25,Russia,Other,48,100.00
20100425,2010-04-25,South Korea,Firefox,296,100.00
20100425,2010-04-25,Thailand,IE,1,100.00
20100425,2010-04-25,Türkiye,IE,2,50.00
20100425,2010-04-25,United Kingdom,IE,40,51.28
20100425,2010-04-25,United States,Yahoo! Slurp,148,33.04
20100430,2010-04-30,Argentina,IE,51,100.00
20100430,2010-04-30,Australia,CatchBot,73,100.00
20100430,2010-04-30,Chile,Firefox,125,89.29
20100430,2010-04-30,China,Baiduspider,48,87.27
20100430,2010-04-30,Egypt,IE,24,100.00
20100430,2010-04-30,France,Firefox,32,100.00
20100430,2010-04-30,Germany,IE,29,100.00
20100430,2010-04-30,Japan,Baiduspider,1,100.00
20100430,2010-04-30,Lithuania,IE,53,100.00
20100430,2010-04-30,Luxembourg,Other,4,100.00
20100430,2010-04-30,Mexico,IE,30,100.00
20100430,2010-04-30,Namibia,IE,6,100.00
20100430,2010-04-30,Russia,Other,194,100.00
20100430,2010-04-30,Türkiye,IE,125,100.00
20100430,2010-04-30,United Kingdom,Chrome,168,48.14
20100430,2010-04-30,United States,IE,368,50.00
20100519,2010-05-19,Algeria,IE,16,94.12
20100519,2010-05-19,Australia,Other,1,100.00
20100519,2010-05-19,Brazil,Firefox,103,100.00
20100519,2010-05-19,Canada,IE,5,50.00
20100519,2010-05-19,Chile,IE,101,86.32
20100519,2010-05-19,China,Baiduspider,47,83.93
20100519,2010-05-19,Ecuador,Firefox,22,100.00
20100519,2010-05-19,Egypt,Firefox,14,100.00
20100519,2010-05-19,Finland,IE,1,100.00
20100519,2010-05-19,Germany,IE,15,100.00
20100519,2010-05-19,Japan,IE,1,50.00
20100519,2010-05-19,Mexico,IE,15,100.00
20100519,2010-05-19,Oman,IE,1,100.00
20100519,2010-05-19,Russia,Other,119,100.00
20100519,2010-05-19,Serbia,Firefox,16,100.00
20100519,2010-05-19,Spain,IE,14,100.00
20100519,2010-05-19,Switzerland,Safari,20,100.00
20100519,2010-05-19,Taiwan,IE,28,100.00
20100519,2010-05-19,The Netherlands,IE,3,75.00
20100519,2010-05-19,Türkiye,IE,2,100.00
20100519,2010-05-19,Ukraine,Other,1,100.00
20100519,2010-05-19,United Kingdom,Firefox,248,70.45
20100519,2010-05-19,United States,Yahoo! Slurp,217,41.49
20100519,2010-05-19,Vietnam,IE,1,100.00
20100520,2010-05-20,Argentina,IE,13,100.00
20100520,2010-05-20,Australia,Other,2,100.00
20100520,2010-05-20,Chile,Chrome,15,100.00
20100520,2010-05-20,China,Baiduspider,48,92.31
20100520,2010-05-20,Egypt,Chrome,22,100.00
20100520,2010-05-20,France,Safari,20,90.91
20100520,2010-05-20,Germany,Opera,59,100.00
20100520,2010-05-20,Japan,Baiduspider,1,100.00
20100520,2010-05-20,Mexico,Firefox,18,58.06
20100520,2010-05-20,Peru,IE,14,100.00
20100520,2010-05-20,Russia,Other,260,99.62
20100520,2010-05-20,South Africa,IE,15,100.00
20100520,2010-05-20,The Netherlands,IE,1,100.00
20100520,2010-05-20,Türkiye,Firefox,2,50.00
20100520,2010-05-20,United Kingdom,Chrome,46,43.40
20100520,2010-05-20,United States,Yahoo! Slurp,187,31.27
20100526,2010-05-26,Australia,Firefox,60,100.00
20100526,2010-05-26,Brazil,Safari,6,100.00
20100526,2010-05-26,Chile,IE,56,77.78
20100526,2010-05-26,China,Baiduspider,49,69.01
20100526,2010-05-26,Costa Rica,Firefox,52,100.00
20100526,2010-05-26,Czechia,Firefox,20,100.00
20100526,2010-05-26,Ecuador,Firefox,1,100.00
20100526,2010-05-26,Ethiopia,IE,14,100.00
20100526,2010-05-26,Germany,IE,1,100.00
20100526,2010-05-26,Japan,Safari,15,93.75
20100526,2010-05-26,Latvia,Opera,1,100.00
20100526,2010-05-26,Mexico,Safari,16,51.61
20100526,2010-05-26,Portugal,Opera,16,100.00
20100526,2010-05-26,Russia,Other,119,76.28
20100526,2010-05-26,Slovakia,Firefox,16,100.00
20100526,2010-05-26,Spain,Firefox,93,100.00
20100526,2010-05-26,Türkiye,Firefox,4,100.00
20100526,2010-05-26,Ukraine,IE,2,100.00
20100526,2010-05-26,United Kingdom,Firefox,157,62.55
20100526,2010-05-26,United States,robot,167,28.99
20100526,2010-05-26,Vietnam,Opera,1,100.00
20100528,2010-05-28,Argentina,IE,14,100.00
20100528,2010-05-28,Brazil,IE,14,77.78
20100528,2010-05-28,Chile,IE,105,100.00
20100528,2010-05-28,China,Baiduspider,49,85.96
20100528,2010-05-28,Germany,Firefox,22,100.00
20100528,2010-05-28,India,Firefox,1,100.00
20100528,2010-05-28,Indonesia,Firefox,1,100.00
20100528,2010-05-28,Italy,Firefox,6,100.00
20100528,2010-05-28,Japan,Baiduspider,1,100.00
20100528,2010-05-28,Lithuania,Firefox,16,100.00
20100528,2010-05-28,New Zealand,Ask Jeeves,3,100.00
20100528,2010-05-28,Peru,IE,15,100.00
20100528,2010-05-28,Russia,Other,170,99.42
20100528,2010-05-28,Spain,Firefox,13,100.00
20100528,2010-05-28,The Netherlands,Firefox,16,100.00
20100528,2010-05-28,Türkiye,IE,2,50.00
20100528,2010-05-28,United Kingdom,Firefox,193,92.34
20100528,2010-05-28,United States,Yahoo! Slurp,212,25.98
20100612,2010-06-12,Argentina,Firefox,21,100.00
20100612,2010-06-12,China,Baiduspider,48,94.12
20100612,2010-06-12,France,Firefox,16,100.00
20100612,2010-06-12,Germany,Firefox,91,55.15
20100612,2010-06-12,Japan,libwww-perl,2,66.67
20100612,2010-06-12,Latvia,Other,1,100.00
20100612,2010-06-12,Nicaragua,Firefox,16,100.00
20100612,2010-06-12,Russia,Other,130,99.24
20100612,2010-06-12,The Netherlands,Firefox,1,100.00
20100612,2010-06-12,Türkiye,IE,12,100.00
20100612,2010-06-12,United Kingdom,Firefox,22,46.81
20100612,2010-06-12,United States,Yahoo! Slurp,217,42.14
20100615,2010-06-15,Argentina,Chrome,4,80.00
20100615,2010-06-15,Australia,Firefox,16,100.00
20100615,2010-06-15,Brazil,Safari,101,56.11
20100615,2010-06-15,Canada,IE,3,100.00
20100615,2010-06-15,China,Baiduspider,49,94.23
20100615,2010-06-15,Ecuador,IE,16,100.00
20100615,2010-06-15,Hungary,Firefox,21,100.00
20100615,2010-06-15,India,Firefox,1,100.00
20100615,2010-06-15,Japan,IE,19,100.00
20100615,2010-06-15,Madagascar,Firefox,13,100.00
20100615,2010-06-15,Moldova,IE,1,100.00
20100615,2010-06-15,Norway,MJ12bot,2,100.00
20100615,2010-06-15,Portugal,Firefox,16,100.00
20100615,2010-06-15,Russia,Other,135,98.54
20100615,2010-06-15,Türkiye,IE,2,100.00
20100615,2010-06-15,Ukraine,Opera,1,100.00
20100615,2010-06-15,United Kingdom,Firefox,59,37.58
20100615,2010-06-15,United States,Yahoo! Slurp,210,42.86
20100619,2010-06-19,Argentina,Firefox,25,100.00
20100619,2010-06-19,Brazil,Chrome,322,100.00
20100619,2010-06-19,China,Baiduspider,49,90.74
20100619,2010-06-19,France,Googlebot,1,100.00
20100619,2010-06-19,Germany,Firefox,16,84.21
20100619,2010-06-19,Indonesia,Firefox,5,100.00
20100619,2010-06-19,Peru,Firefox,24,100.00
20100619,2010-06-19,Russia,Other,124,99.20
20100619,2010-06-19,The Netherlands,IE,20,100.00
20100619,2010-06-19,United Arab Emirates,IE,2,100.00
20100619,2010-06-19,United Kingdom,IE,48,66.67
20100619,2010-06-19,United States,Yahoo! Slurp,165,38.82
20100622,2010-06-22,Argentina,IE,30,66.67
20100622,2010-06-22,Brazil,IE,16,100.00
20100622,2010-06-22,China,Baiduspider,49,96.08
20100622,2010-06-22,France,IE,20,100.00
20100622,2010-06-22,India,Firefox,1,100.00
20100622,2010-06-22,Japan,IE,3,100.00
20100622,2010-06-22,Latvia,Other,1,100.00
20100622,2010-06-22,Lithuania,Firefox,13,100.00
20100622,2010-06-22,Luxembourg,Other,10,100.00
20100622,2010-06-22,New Zealand,Ask Jeeves,3,100.00
20100622,2010-06-22,Russia,Other,269,99.63
20100622,2010-06-22,Spain,IE,23,58.97
20100622,2010-06-22,Sweden,Speedy Spider,2,100.00
20100622,2010-06-22,United Kingdom,Safari,307,47.30
20100622,2010-06-22,United States,Yahoo! Slurp,148,32.39
20100626,2010-06-26,Argentina,Firefox,26,47.27
20100626,2010-06-26,China,Baiduspider,49,89.09
20100626,2010-06-26,France,Other,6,75.00
20100626,2010-06-26,Germany,Nutch,3,100.00
20100626,2010-06-26,India,IE,12,92.31
20100626,2010-06-26,Indonesia,Firefox,1,100.00
20100626,2010-06-26,Malaysia,IE,16,100.00
20100626,2010-06-26,Peru,IE,68,100.00
20100626,2010-06-26,Russia,Other,165,100.00
20100626,2010-06-26,Saudi Arabia,IE,15,100.00
20100626,2010-06-26,Thailand,IE,2,100.00
20100626,2010-06-26,Türkiye,Chrome,2,100.00
20100626,2010-06-26,United Kingdom,Firefox,91,59.48
20100626,2010-06-26,United States,Yahoo! Slurp,168,41.28
20100628,2010-06-28,Argentina,Chrome,16,51.61
20100628,2010-06-28,Belgium,IE,16,100.00
20100628,2010-06-28,Brazil,Firefox,23,60.53
20100628,2010-06-28,Canada,IE,15,100.00
20100628,2010-06-28,Chile,IE,46,100.00
20100628,2010-06-28,China,Baiduspider,49,98.00
20100628,2010-06-28,France,Firefox,55,100.00
20100628,2010-06-28,Indonesia,Firefox,2,100.00
20100628,2010-06-28,Peru,IE,32,100.00
20100628,2010-06-28,Russia,Other,138,71.13
20100628,2010-06-28,Sweden,Firefox,23,100.00
20100628,2010-06-28,Türkiye,IE,2,100.00
20100628,2010-06-28,Ukraine,Other,5,100.00
20100628,2010-06-28,United Kingdom,IE,240,100.00
20100628,2010-06-28,United States,Yahoo! Slurp,145,36.99
20100629,2010-06-29,Australia,IE,26,100.00
20100629,2010-06-29,Brazil,Firefox,8,100.00
20100629,2010-06-29,Chile,Chrome,63,50.81
20100629,2010-06-29,China,Baiduspider,46,97.87
20100629,2010-06-29,Iraq,IE,15,100.00
20100629,2010-06-29,Latvia,IE,1,100.00
20100629,2010-06-29,Morocco,IE,17,100.00
20100629,2010-06-29,New Zealand,Ask Jeeves,2,100.00
20100629,2010-06-29,Russia,YandexBot,165,96.49
20100629,2010-06-29,Taiwan,Chrome,15,100.00
20100629,2010-06-29,Türkiye,IE,2,100.00
20100629,2010-06-29,Ukraine,IE,1,100.00
20100629,2010-06-29,United Kingdom,IE,132,39.05
20100629,2010-06-29,United States,Yahoo! Slurp,152,47.65
20100630,2010-06-30,Argentina,IE,36,100.00
20100630,2010-06-30,Belgium,Safari,15,100.00
20100630,2010-06-30,Canada,Chrome,51,100.00
20100630,2010-06-30,Chile,IE,15,100.00
20100630,2010-06-30,China,Baiduspider,47,94.00
20100630,2010-06-30,Germany,Firefox,22,100.00
20100630,2010-06-30,Japan,IE,16,100.00
20100630,2010-06-30,Latvia,IE,1,100.00
20100630,2010-06-30,Malaysia,Chrome,1,100.00
20100630,2010-06-30,Russia,YandexBot,158,100.00
20100630,2010-06-30,Türkiye,Opera,2,100.00
20100630,2010-06-30,United Kingdom,IE,141,86.50
20100630,2010-06-30,United States,Yahoo! Slurp,160,29.74
20100705,2010-07-05,China,Baiduspider,47,87.04
20100705,2010-07-05,France,IE,26,100.00
20100705,2010-07-05,Germany,IE,15,100.00
20100705,2010-07-05,Romania,IE,179,100.00
20100705,2010-07-05,Russia,YandexBot,70,98.59
20100705,2010-07-05,Singapore,Chrome,15,100.00
20100705,2010-07-05,South Korea,Daumoa,2,100.00
20100705,2010-07-05,The Netherlands,IE,1,100.00
20100705,2010-07-05,Türkiye,Firefox,2,100.00
20100705,2010-07-05,United Kingdom,IE,235,91.80
20100705,2010-07-05,United States,Yahoo! Slurp,157,33.69
20100708,2010-07-08,Argentina,IE,8,100.00
20100708,2010-07-08,Brazil,Firefox,24,100.00
20100708,2010-07-08,Chile,Firefox,3,100.00
20100708,2010-07-08,China,Baiduspider,46,85.19
20100708,2010-07-08,Costa Rica,IE,15,100.00
20100708,2010-07-08,Germany,IE,1,100.00
20100708,2010-07-08,Hong Kong,Firefox,2,100.00
20100708,2010-07-08,Indonesia,Firefox,3,100.00
20100708,2010-07-08,New Zealand,IE,75,96.15
20100708,2010-07-08,Peru,Firefox,22,100.00
20100708,2010-07-08,Russia,YandexBot,128,98.46
20100708,2010-07-08,The Netherlands,Safari,478,99.38
20100708,2010-07-08,United Kingdom,Firefox,89,82.41
20100708,2010-07-08,United States,Yahoo! Slurp,158,27.87
20100714,2010-07-14,Brazil,IE,23,62.16
20100714,2010-07-14,China,IE,50,47.62
20100714,2010-07-14,Finland,IE,15,100.00
20100714,2010-07-14,France,IE,19,100.00
20100714,2010-07-14,Germany,IE,18,100.00
20100714,2010-07-14,Japan,Baiduspider,1,100.00
20100714,2010-07-14,Latvia,Other,1,100.00
20100714,2010-07-14,Pakistan,IE,14,100.00
20100714,2010-07-14,Poland,IE,28,100.00
20100714,2010-07-14,Russia,YandexBot,114,99.13
20100714,2010-07-14,The Netherlands,Firefox,55,100.00
20100714,2010-07-14,Türkiye,IE,38,95.00
20100714,2010-07-14,United Kingdom,IE,94,52.22
20100714,2010-07-14,United States,Yahoo! Slurp,156,44.83
20100718,2010-07-18,Belgium,IE,15,100.00
20100718,2010-07-18,Canada,Other,4,66.67
20100718,2010-07-18,China,Firefox,166,44.74
20100718,2010-07-18,Germany,Firefox,1,100.00
20100718,2010-07-18,Japan,Other,1,50.00
20100718,2010-07-18,Peru,IE,77,100.00
20100718,2010-07-18,Russia,YandexBot,43,100.00
20100718,2010-07-18,Taiwan,Firefox,166,100.00
20100718,2010-07-18,Thailand,IE,1,100.00
20100718,2010-07-18,The Netherlands,Firefox,224,100.00
20100718,2010-07-18,Türkiye,Firefox,2,100.00
20100718,2010-07-18,United Kingdom,Firefox,72,45.86
20100718,2010-07-18,United States,Yahoo! Slurp,158,29.15
20100725,2010-07-25,Australia,IE,59,100.00
20100725,2010-07-25,Brazil,Other,25,96.15
20100725,2010-07-25,China,Firefox,166,74.77
20100725,2010-07-25,Germany,IE,20,100.00
20100725,2010-07-25,India,Chrome,76,100.00
20100725,2010-07-25,Japan,Baiduspider,3,100.00
20100725,2010-07-25,Malaysia,Chrome,2,100.00
20100725,2010-07-25,Russia,YandexBot,141,98.60
20100725,2010-07-25,The Netherlands,IE,58,100.00
20100725,2010-07-25,Ukraine,Java,2,100.00
20100725,2010-07-25,United Kingdom,Firefox,93,59.62
20100725,2010-07-25,United States,Yahoo! Slurp,147,26.49
20100801,2010-08-01,Brazil,IE,50,100.00
20100801,2010-08-01,China,Baiduspider,49,53.26
20100801,2010-08-01,Germany,Firefox,166,100.00
20100801,2010-08-01,Japan,Baiduspider,1,100.00
20100801,2010-08-01,Latvia,IE,2,100.00
20100801,2010-08-01,New Zealand,Ask Jeeves,5,100.00
20100801,2010-08-01,Russia,YandexBot,113,81.88
20100801,2010-08-01,The Netherlands,IE,1,100.00
20100801,2010-08-01,Türkiye,Firefox,6,54.55
20100801,2010-08-01,Ukraine,IE,4,100.00
20100801,2010-08-01,United Kingdom,Firefox,61,74.39
20100801,2010-08-01,United States,Yahoo! Slurp,124,40.39
20100808,2010-08-08,Canada,Other,1,100.00
20100808,2010-08-08,China,Baiduspider,35,66.04
20100808,2010-08-08,France,Exabot,2,100.00
20100808,2010-08-08,Germany,IE,30,96.77
20100808,2010-08-08,Ireland,Maxthon,1,100.00
20100808,2010-08-08,Israel,Maxthon,2,100.00
20100808,2010-08-08,Japan,Baiduspider,1,50.00
20100808,2010-08-08,Poland,IE,4,100.00
20100808,2010-08-08,Russia,YandexBot,153,100.00
20100808,2010-08-08,Thailand,IE,2,100.00
20100808,2010-08-08,The Netherlands,IE,16,100.00
20100808,2010-08-08,United Kingdom,IE,38,70.37
20100808,2010-08-08,United States,Yahoo! Slurp,155,32.56
20100809,2010-08-09,Argentina,Chrome,30,100.00
20100809,2010-08-09,Australia,IE,42,100.00
20100809,2010-08-09,China,IE,384,61.94
20100809,2010-08-09,Ecuador,Firefox,670,100.00
20100809,2010-08-09,Germany,Other,4,100.00
20100809,2010-08-09,Italy,IE,212,100.00
20100809,2010-08-09,Japan,IE,4,66.67
20100809,2010-08-09,Mexico,Chrome,2,100.00
20100809,2010-08-09,Philippines,Chrome,12,100.00
20100809,2010-08-09,Russia,YandexBot,185,83.71
20100809,2010-08-09,Singapore,Firefox,274,100.00
20100809,2010-08-09,Thailand,Other,5,100.00
20100809,2010-08-09,Türkiye,Chrome,4,66.67
20100809,2010-08-09,United Kingdom,IE,268,85.35
20100809,2010-08-09,United States,Yahoo! Slurp,275,28.65
20100830,2010-08-30,Australia,IE,89,100.00
20100830,2010-08-30,Brazil,IE,28,56.00
20100830,2010-08-30,Chile,Chrome,15,100.00
20100830,2010-08-30,China,Baiduspider,49,87.50
20100830,2010-08-30,Fiji,IE,16,100.00
20100830,2010-08-30,Italy,IE,1,100.00
20100830,2010-08-30,Japan,IE,1,50.00
20100830,2010-08-30,Lebanon,IE,2,100.00
20100830,2010-08-30,Mexico,IE,16,100.00
20100830,2010-08-30,Morocco,Firefox,18,100.00
20100830,2010-08-30,Russia,YandexBot,93,98.94
20100830,2010-08-30,Singapore,Firefox,26,100.00
20100830,2010-08-30,Spain,Mobile Safari,54,100.00
20100830,2010-08-30,Thailand,IE,1,100.00
20100830,2010-08-30,Türkiye,Firefox,2,100.00
20100830,2010-08-30,United Kingdom,IE,40,47.62
20100830,2010-08-30,United States,Yahoo! Slurp,139,39.27
20100830,2010-08-30,Venezuela,IE,16,100.00
20100906,2010-09-06,Argentina,Firefox,18,100.00
20100906,2010-09-06,Canada,IE,5,100.00
20100906,2010-09-06,China,Baiduspider,47,77.05
20100906,2010-09-06,France,IE,14,60.87
20100906,2010-09-06,New Zealand,Ask Jeeves,3,100.00
20100906,2010-09-06,Russia,YandexBot,165,100.00
20100906,2010-09-06,South Korea,IE,1,100.00
20100906,2010-09-06,Spain,IE,45,100.00
20100906,2010-09-06,Taiwan,Android,16,100.00
20100906,2010-09-06,Thailand,IE,1,100.00
20100906,2010-09-06,Türkiye,Chrome,2,100.00
20100906,2010-09-06,United Kingdom,IE,28,59.57
20100906,2010-09-06,United States,Yahoo! Slurp,144,32.58
20100912,2010-09-12,Brazil,Firefox,130,89.66
20100912,2010-09-12,China,Baiduspider,48,71.64
20100912,2010-09-12,Denmark,Firefox,16,100.00
20100912,2010-09-12,Egypt,IE,1,100.00
20100912,2010-09-12,Germany,IE,31,59.62
20100912,2010-09-12,Honduras,IE,178,100.00
20100912,2010-09-12,Latvia,IE,2,100.00
20100912,2010-09-12,New Zealand,Ask Jeeves,3,100.00
20100912,2010-09-12,Poland,Firefox,2,100.00
20100912,2010-09-12,Portugal,IE,14,100.00
20100912,2010-09-12,Russia,YandexBot,189,100.00
20100912,2010-09-12,Sri Lanka,IE,12,100.00
20100912,2010-09-12,Thailand,IE,1,100.00
20100912,2010-09-12,The Netherlands,Safari,14,100.00
20100912,2010-09-12,Türkiye,IE,2,50.00
20100912,2010-09-12,United Kingdom,IE,34,61.82
20100912,2010-09-12,United States,Yahoo! Slurp,142,25.77
20100916,2010-09-16,Algeria,Firefox,5,100.00
20100916,2010-09-16,Argentina,IE,96,100.00
20100916,2010-09-16,Canada,Safari,15,100.00
20100916,2010-09-16,China,Baiduspider,50,80.65
20100916,2010-09-16,Colombia,Firefox,16,100.00
20100916,2010-09-16,Costa Rica,Safari,16,100.00
20100916,2010-09-16,Israel,IE,2,100.00
20100916,2010-09-16,Japan,Firefox,16,100.00
20100916,2010-09-16,Luxembourg,IE,9,100.00
20100916,2010-09-16,Mexico,Safari,24,100.00
20100916,2010-09-16,Peru,IE,245,79.55
20100916,2010-09-16,Romania,Chrome,192,100.00
20100916,2010-09-16,Russia,YandexBot,193,100.00
20100916,2010-09-16,Singapore,IE,16,100.00
20100916,2010-09-16,Slovakia,Other,56,100.00
20100916,2010-09-16,Spain,Firefox,1,100.00
20100916,2010-09-16,Sweden,Speedy Spider,10,100.00
20100916,2010-09-16,Türkiye,Chrome,4,100.00
20100916,2010-09-16,Ukraine,IE,23,92.00
20100916,2010-09-16,United Kingdom,IE,67,40.36
20100916,2010-09-16,United States,Yahoo! Slurp,127,26.46
20100916,2010-09-16,Uruguay,Firefox,16,100.00
20100923,2010-09-23,Argentina,IE,15,100.00
20100923,2010-09-23,Brazil,IE,37,59.68
20100923,2010-09-23,Chile,Firefox,23,100.00
20100923,2010-09-23,China,Baiduspider,48,82.76
20100923,2010-09-23,Ecuador,Firefox,2,100.00
20100923,2010-09-23,France,Firefox,10,100.00
20100923,2010-09-23,Germany,Firefox,183,100.00
20100923,2010-09-23,Mexico,Safari,15,100.00
20100923,2010-09-23,Russia,YandexBot,229,100.00
20100923,2010-09-23,South Korea,Firefox,19,100.00
20100923,2010-09-23,Spain,IE,20,100.00
20100923,2010-09-23,Thailand,IE,1,100.00
20100923,2010-09-23,United Kingdom,IE,426,86.94
20100923,2010-09-23,United States,Firefox,348,47.93
20100924,2010-09-24,Argentina,Chrome,15,100.00
20100924,2010-09-24,China,Baiduspider,49,84.48
20100924,2010-09-24,France,Firefox,60,100.00
20100924,2010-09-24,Germany,Firefox,259,100.00
20100924,2010-09-24,Hungary,Other,2,100.00
20100924,2010-09-24,India,IE,29,100.00
20100924,2010-09-24,New Zealand,Ask Jeeves,5,100.00
20100924,2010-09-24,Russia,YandexBot,151,100.00
20100924,2010-09-24,Sweden,Chrome,16,100.00
20100924,2010-09-24,United Kingdom,IE,232,100.00
20100924,2010-09-24,United States,Yahoo! Slurp,164,43.97
20100924,2010-09-24,Venezuela,Firefox,15,100.00
20100924,2010-09-24,Vietnam,IE,1,100.00
20100926,2010-09-26,Argentina,IE,14,100.00
20100926,2010-09-26,Australia,Firefox,14,100.00
20100926,2010-09-26,Cambodia,IE,13,100.00
20100926,2010-09-26,Canada,Firefox,15,100.00
20100926,2010-09-26,China,Baiduspider,50,80.65
20100926,2010-09-26,Germany,IE,27,100.00
20100926,2010-09-26,Japan,IE,2,100.00
20100926,2010-09-26,Latvia,IE,52,100.00
20100926,2010-09-26,Peru,IE,30,100.00
20100926,2010-09-26,Russia,YandexBot,340,100.00
20100926,2010-09-26,South Africa,IE,40,100.00
20100926,2010-09-26,Thailand,IE,1,100.00
20100926,2010-09-26,The Netherlands,IE,101,100.00
20100926,2010-09-26,Türkiye,IE,4,100.00
20100926,2010-09-26,United Kingdom,IE,119,100.00
20100926,2010-09-26,United States,Dow Jones Searchbot,157,30.43
20100926,2010-09-26,Vietnam,Firefox,24,100.00
20101008,2010-10-08,Argentina,Firefox,38,90.48
20101008,2010-10-08,Australia,Firefox,1,100.00
20101008,2010-10-08,Belgium,Firefox,17,89.47
20101008,2010-10-08,Canada,Firefox,19,100.00
20101008,2010-10-08,China,Baiduspider,49,81.67
20101008,2010-10-08,Germany,IE,114,89.06
20101008,2010-10-08,Greece,Opera,44,100.00
20101008,2010-10-08,Italy,Firefox,16,100.00
20101008,2010-10-08,Malaysia,IE,1,100.00
20101008,2010-10-08,Peru,Chrome,71,80.68
20101008,2010-10-08,Portugal,Chrome,89,100.00
20101008,2010-10-08,Russia,YandexBot,36,100.00
20101008,2010-10-08,Spain,IE,15,100.00
20101008,2010-10-08,The Netherlands,IE,15,100.00
20101008,2010-10-08,United Kingdom,Purebot,1250,87.66
20101008,2010-10-08,United States,Googlebot,176,29.48
20101008,2010-10-08,Venezuela,Firefox,16,100.00
20101020,2010-10-20,Argentina,IE,16,100.00
20101020,2010-10-20,Belgium,Firefox,16,100.00
20101020,2010-10-20,Brazil,IE,30,100.00
20101020,2010-10-20,Canada,IE,19,100.00
20101020,2010-10-20,Chile,Chrome,22,59.46
20101020,2010-10-20,China,Baiduspider,46,83.64
20101020,2010-10-20,Germany,IE,209,97.21
20101020,2010-10-20,India,IE,15,100.00
20101020,2010-10-20,Ireland,Other,2,100.00
20101020,2010-10-20,Italy,IE,100,86.96
20101020,2010-10-20,Japan,Safari,15,100.00
20101020,2010-10-20,Latvia,IE,1,100.00
20101020,2010-10-20,Mexico,Firefox,17,100.00
20101020,2010-10-20,Paraguay,Firefox,15,100.00
20101020,2010-10-20,Russia,YandexBot,45,97.83
20101020,2010-10-20,The Netherlands,IE,1,100.00
20101020,2010-10-20,Türkiye,Other,1,100.00
20101020,2010-10-20,United Kingdom,Firefox,164,71.93
20101020,2010-10-20,United States,Yahoo! Slurp,100,28.82
20101020,2010-10-20,Uzbekistan,Safari,14,100.00
20101023,2010-10-23,Argentina,IE,21,100.00
20101023,2010-10-23,Brazil,IE,1,100.00
20101023,2010-10-23,Canada,Safari,39,100.00
20101023,2010-10-23,China,Sosospider,115,55.83
20101023,2010-10-23,Czechia,IE,5,100.00
20101023,2010-10-23,Germany,Firefox,94,100.00
20101023,2010-10-23,India,Chrome,74,100.00
20101023,2010-10-23,Italy,IE,21,100.00
20101023,2010-10-23,Japan,ICC-Crawler,2,100.00
20101023,2010-10-23,Russia,YandexBot,25,100.00
20101023,2010-10-23,Türkiye,IE,2,100.00
20101023,2010-10-23,United Kingdom,Purebot,1250,96.38
20101023,2010-10-23,United States,Yahoo! Slurp,150,36.50
20101025,2010-10-25,Argentina,Firefox,33,100.00
20101025,2010-10-25,Brazil,IE,1,100.00
20101025,2010-10-25,Chile,Chrome,49,100.00
20101025,2010-10-25,China,Sosospider,145,61.44
20101025,2010-10-25,France,Firefox,16,100.00
20101025,2010-10-25,Germany,Firefox,184,67.15
20101025,2010-10-25,Guatemala,IE,16,100.00
20101025,2010-10-25,Honduras,Chrome,16,100.00
20101025,2010-10-25,Italy,Chrome,14,51.85
20101025,2010-10-25,Malaysia,IE,2,100.00
20101025,2010-10-25,Mexico,Firefox,55,100.00
20101025,2010-10-25,New Zealand,IE,9,100.00
20101025,2010-10-25,Russia,YandexBot,24,85.71
20101025,2010-10-25,South Korea,IE,1,100.00
20101025,2010-10-25,Sweden,IE,22,100.00
20101025,2010-10-25,Ukraine,SiteBot,4,100.00
20101025,2010-10-25,United Kingdom,IE,63,75.90
20101025,2010-10-25,United States,Yahoo! Slurp,120,36.25
20101027,2010-10-27,Brazil,IE,16,100.00
20101027,2010-10-27,Bulgaria,Firefox,92,100.00
20101027,2010-10-27,Canada,IE,25,100.00
20101027,2010-10-27,Chile,Firefox,17,80.95
20101027,2010-10-27,China,Other,200,43.01
20101027,2010-10-27,Germany,IE,102,100.00
20101027,2010-10-27,Nigeria,Firefox,16,100.00
20101027,2010-10-27,Russia,IE,17,51.52
20101027,2010-10-27,Spain,IE,80,100.00
20101027,2010-10-27,The Netherlands,IE,26,100.00
20101027,2010-10-27,Türkiye,Other,2,50.00
20101027,2010-10-27,United Kingdom,Firefox,755,97.55
20101027,2010-10-27,United States,Yahoo! Slurp,113,37.79
20101027,2010-10-27,Vietnam,IE,1,100.00
20101031,2010-10-31,Argentina,Firefox,21,100.00
20101031,2010-10-31,Australia,Safari,15,100.00
20101031,2010-10-31,Bosnia and Herzegovina,Firefox,17,100.00
20101031,2010-10-31,Brazil,Firefox,16,100.00
20101031,2010-10-31,Canada,Firefox,18,85.71
20101031,2010-10-31,Chile,IE,57,100.00
20101031,2010-10-31,China,Sosospider,141,59.00
20101031,2010-10-31,Czechia,IE,5,100.00
20101031,2010-10-31,Finland,Safari,12,100.00
20101031,2010-10-31,Germany,Firefox,2,66.67
20101031,2010-10-31,Greece,Firefox,22,100.00
20101031,2010-10-31,Italy,IE,27,100.00
20101031,2010-10-31,Malaysia,Firefox,16,100.00
20101031,2010-10-31,Mexico,Other,2,100.00
20101031,2010-10-31,Norway,Chrome,9,100.00
20101031,2010-10-31,Pakistan,Firefox,21,100.00
20101031,2010-10-31,Peru,Chrome,16,100.00
20101031,2010-10-31,Poland,IE,7,100.00
20101031,2010-10-31,Russia,YandexBot,23,100.00
20101031,2010-10-31,Türkiye,Opera,4,100.00
20101031,2010-10-31,Ukraine,Other,15,100.00
20101031,2010-10-31,United States,Yahoo! Slurp,143,27.29
20101101,2010-11-01,Argentina,IE,54,100.00
20101101,2010-11-01,Australia,Firefox,44,100.00
20101101,2010-11-01,Brazil,Chrome,119,100.00
20101101,2010-11-01,Canada,IE,23,95.83
20101101,2010-11-01,Chile,Chrome,65,57.02
20101101,2010-11-01,China,Sosospider,143,59.09
20101101,2010-11-01,Estonia,Firefox,13,100.00
20101101,2010-11-01,Germany,Safari,24,85.71
20101101,2010-11-01,Greece,Chrome,11,100.00
20101101,2010-11-01,India,Firefox Beta,60,98.36
20101101,2010-11-01,Malaysia,IE,13,100.00
20101101,2010-11-01,New Zealand,Ask Jeeves,3,100.00
20101101,2010-11-01,Peru,IE,15,100.00
20101101,2010-11-01,Poland,IE,24,100.00
20101101,2010-11-01,Russia,YandexBot,16,88.89
20101101,2010-11-01,Singapore,IE,16,100.00
20101101,2010-11-01,South Korea,IE,1,100.00
20101101,2010-11-01,Spain,Firefox,23,100.00
20101101,2010-11-01,Sri Lanka,IE,12,100.00
20101101,2010-11-01,Sweden,Speedy Spider,2,100.00
20101101,2010-11-01,Switzerland,Firefox,15,100.00
20101101,2010-11-01,The Netherlands,IE,414,100.00
20101101,2010-11-01,Ukraine,Firefox,16,100.00
20101101,2010-11-01,United Kingdom,IE,94,58.75
20101101,2010-11-01,United States,Firefox,155,26.41
20101111,2010-11-11,Argentina,IE,15,100.00
20101111,2010-11-11,Australia,IE,37,100.00
20101111,2010-11-11,Belgium,Firefox,17,100.00
20101111,2010-11-11,Canada,Firefox,16,100.00
20101111,2010-11-11,Chile,IE,3,100.00
20101111,2010-11-11,China,Baiduspider,92,81.42
20101111,2010-11-11,India,Chrome,12,100.00
20101111,2010-11-11,Jamaica,Firefox,24,100.00
20101111,2010-11-11,Latvia,IE,1,100.00
20101111,2010-11-11,Mexico,IE,18,100.00
20101111,2010-11-11,Romania,IE,91,85.05
20101111,2010-11-11,Russia,YandexBot,44,100.00
20101111,2010-11-11,Taiwan,IE,1,100.00
20101111,2010-11-11,United Kingdom,IE,200,48.54
20101111,2010-11-11,United States,Googlebot,139,32.94
20101113,2010-11-13,Argentina,IE,75,70.09
20101113,2010-11-13,Brazil,IE,3,100.00
20101113,2010-11-13,Chile,IE,35,70.00
20101113,2010-11-13,China,Sosospider,148,49.66
20101113,2010-11-13,Czechia,Chrome,22,100.00
20101113,2010-11-13,Ecuador,Firefox,98,85.96
20101113,2010-11-13,France,IE,35,100.00
20101113,2010-11-13,Germany,Firefox,27,100.00
20101113,2010-11-13,Hong Kong,ichiro/mobile,2,100.00
20101113,2010-11-13,Japan,IE,25,100.00
20101113,2010-11-13,Latvia,IE,1,100.00
20101113,2010-11-13,Russia,YandexBot,45,75.00
20101113,2010-11-13,Ukraine,Opera,15,100.00
20101113,2010-11-13,United Kingdom,Safari,37,100.00
20101113,2010-11-13,United States,DotBot,127,29.00
20101113,2010-11-13,Venezuela,IE,60,100.00
20101118,2010-11-18,Argentina,Firefox,30,76.92
20101118,2010-11-18,Brazil,Firefox,16,84.21
20101118,2010-11-18,Bulgaria,IE,67,100.00
20101118,2010-11-18,Canada,Safari,20,100.00
20101118,2010-11-18,Chile,Firefox,54,100.00
20101118,2010-11-18,China,Baiduspider,114,76.51
20101118,2010-11-18,France,Firefox,86,67.72
20101118,2010-11-18,Germany,Safari,15,50.00
20101118,2010-11-18,Hong Kong,ichiro/mobile,3,75.00
20101118,2010-11-18,India,IE,11,50.00
20101118,2010-11-18,Indonesia,IE,1,100.00
20101118,2010-11-18,Latvia,IE,1,100.00
20101118,2010-11-18,Mexico,IE,74,100.00
20101118,2010-11-18,Puerto Rico,IE,3,100.00
20101118,2010-11-18,Romania,IE,15,100.00
20101118,2010-11-18,Russia,YandexBot,37,97.37
20101118,2010-11-18,Slovenia,IE,16,100.00
20101118,2010-11-18,The Netherlands,IE,5,100.00
20101118,2010-11-18,United Kingdom,Avant,16,53.33
20101118,2010-11-18,United States,Googlebot,289,53.52
20101118,2010-11-18,Vietnam,IE,1,100.00
20101126,2010-11-26,Argentina,IE,718,97.03
20101126,2010-11-26,Brazil,IE,16,55.17
20101126,2010-11-26,Canada,Safari,15,100.00
20101126,2010-11-26,Chile,Firefox,2,100.00
20101126,2010-11-26,China,IE,53,39.85
20101126,2010-11-26,Colombia,IE,17,89.47
20101126,2010-11-26,Germany,sgbot,1,100.00
20101126,2010-11-26,Hong Kong,ichiro/mobile,162,100.00
20101126,2010-11-26,India,IE,12,48.00
20101126,2010-11-26,Iran,IE,19,100.00
20101126,2010-11-26,Malaysia,IE,12,100.00
20101126,2010-11-26,Palestine,Firefox,13,100.00
20101126,2010-11-26,Peru,IE,18,100.00
20101126,2010-11-26,Russia,YandexBot,48,97.96
20101126,2010-11-26,South Korea,IE,1,100.00
20101126,2010-11-26,The Netherlands,Safari,16,100.00
20101126,2010-11-26,Ukraine,SiteBot,3,100.00
20101126,2010-11-26,United Kingdom,IE,144,90.00
20101126,2010-11-26,United States,DotBot,146,35.52
20101202,2010-12-02,Argentina,IE,21,100.00
20101202,2010-12-02,Bolivia,IE,15,100.00
20101202,2010-12-02,Brazil,Chrome,15,100.00
20101202,2010-12-02,Canada,IE,12,100.00
20101202,2010-12-02,China,Sosospider,56,40.58
20101202,2010-12-02,Colombia,IE,15,100.00
20101202,2010-12-02,Czechia,IE,32,100.00
20101202,2010-12-02,Denmark,IE,20,100.00
20101202,2010-12-02,Germany,Safari,15,50.00
20101202,2010-12-02,Greece,Firefox,23,100.00
20101202,2010-12-02,Hong Kong,ichiro/mobile,2,100.00
20101202,2010-12-02,India,Firefox,1,100.00
20101202,2010-12-02,New Zealand,Ask Jeeves,3,100.00
20101202,2010-12-02,Poland,Firefox,26,100.00
20101202,2010-12-02,Romania,Firefox,13,100.00
20101202,2010-12-02,Russia,YandexBot,42,91.30
20101202,2010-12-02,Singapore,Safari,6,100.00
20101202,2010-12-02,Spain,IE,16,100.00
20101202,2010-12-02,Ukraine,Firefox,1,100.00
20101202,2010-12-02,United Kingdom,Firefox,1,100.00
20101202,2010-12-02,United States,Googlebot,236,51.87
20101212,2010-12-12,Australia,Firefox,47,100.00
20101212,2010-12-12,Belarus,IE,1,100.00
20101212,2010-12-12,Brazil,Firefox,25,100.00
20101212,2010-12-12,Canada,Firefox,25,100.00
20101212,2010-12-12,Chile,Safari,21,100.00
20101212,2010-12-12,China,Sosospider,118,59.60
20101212,2010-12-12,Finland,Safari,44,100.00
20101212,2010-12-12,Germany,IE,34,100.00
20101212,2010-12-12,Hong Kong,ichiro/mobile,5,100.00
20101212,2010-12-12,India,IE,6,54.55
20101212,2010-12-12,Japan,Other,100,83.33
20101212,2010-12-12,Mexico,IE,29,100.00
20101212,2010-12-12,New Zealand,Ask Jeeves,3,100.00
20101212,2010-12-12,Russia,YandexBot,17,77.27
20101212,2010-12-12,Spain,IE,69,100.00
20101212,2010-12-12,Sri Lanka,Firefox,1,100.00
20101212,2010-12-12,Sweden,IE,15,50.00
20101212,2010-12-12,United Kingdom,Firefox,67,57.76
20101212,2010-12-12,United States,DotBot,146,27.70
20101215,2010-12-15,Argentina,Chrome,15,34.09
20101215,2010-12-15,Bosnia and Herzegovina,Chrome,26,100.00
20101215,2010-12-15,Brazil,IE,26,96.30
20101215,2010-12-15,China,Sosospider,114,54.29
20101215,2010-12-15,Colombia,IE,15,100.00
20101215,2010-12-15,Croatia,Firefox,18,100.00
20101215,2010-12-15,Ecuador,Chrome,29,100.00
20101215,2010-12-15,Finland,Safari,5,71.43
20101215,2010-12-15,France,Safari,15,93.75
20101215,2010-12-15,Germany,IE,70,80.46
20101215,2010-12-15,Hong Kong,ichiro/mobile,206,99.52
20101215,2010-12-15,India,Safari,4,100.00
20101215,2010-12-15,Italy,IE,5,71.43
20101215,2010-12-15,Japan,Yeti,2,50.00
20101215,2010-12-15,Latvia,IE,1,100.00
20101215,2010-12-15,Mexico,IE,16,100.00
20101215,2010-12-15,Pakistan,IE,30,100.00
20101215,2010-12-15,Philippines,Firefox,16,100.00
20101215,2010-12-15,Portugal,Firefox,16,100.00
20101215,2010-12-15,Romania,008,1,100.00
20101215,2010-12-15,Russia,YandexBot,47,95.92
20101215,2010-12-15,Spain,IE,19,100.00
20101215,2010-12-15,Sweden,IE,20,100.00
20101215,2010-12-15,Switzerland,IE,15,100.00
20101215,2010-12-15,United Kingdom,IE,20,100.00
20101215,2010-12-15,United States,DotBot,126,22.18
20101223,2010-12-23,Argentina,Firefox,254,94.42
20101223,2010-12-23,Brazil,IE,1,100.00
20101223,2010-12-23,Chile,Chrome,24,57.14
20101223,2010-12-23,China,Baiduspider,48,85.71
20101223,2010-12-23,Colombia,Chrome,22,100.00
20101223,2010-12-23,Hong Kong,ichiro/mobile,5,100.00
20101223,2010-12-23,India,IE,65,52.42
20101223,2010-12-23,Indonesia,IE,1,100.00
20101223,2010-12-23,Italy,IE,15,100.00
20101223,2010-12-23,Japan,IE,2,66.67
20101223,2010-12-23,Russia,YandexBot,41,97.62
20101223,2010-12-23,Saudi Arabia,Other,1,100.00
20101223,2010-12-23,Singapore,IE,3,100.00
20101223,2010-12-23,The Netherlands,Safari,14,100.00
20101223,2010-12-23,Türkiye,Firefox,2,100.00
20101223,2010-12-23,United States,DotBot,126,33.16
20101225,2010-12-25,Argentina,Firefox,9,100.00
20101225,2010-12-25,China,Baiduspider,49,74.24
20101225,2010-12-25,Ecuador,IE,14,100.00
20101225,2010-12-25,Germany,IE,25,43.10
20101225,2010-12-25,Japan,Firefox,23,92.00
20101225,2010-12-25,Latvia,Other,1,100.00
20101225,2010-12-25,Pakistan,Chrome,16,100.00
20101225,2010-12-25,Russia,YandexBot,45,91.84
20101225,2010-12-25,Saudi Arabia,Chrome,2,100.00
20101225,2010-12-25,Sweden,Firefox,52,100.00
20101225,2010-12-25,United States,Googlebot,196,37.76
20110119,2011-01-19,Argentina,Firefox,192,70.07
20110119,2011-01-19,China,Baiduspider,50,69.44
20110119,2011-01-19,Czechia,Chrome,94,100.00
20110119,2011-01-19,France,MJ12bot,2,100.00
20110119,2011-01-19,India,IE,109,90.08
20110119,2011-01-19,Israel,IE,1,100.00
20110119,2011-01-19,Japan,Baiduspider,1,100.00
20110119,2011-01-19,Mexico,IE,23,100.00
20110119,2011-01-19,Peru,IE,16,100.00
20110119,2011-01-19,Poland,Xenu Link Sleuth,1,100.00
20110119,2011-01-19,Russia,YandexBot,36,97.30
20110119,2011-01-19,South Korea,Other,66,100.00
20110119,2011-01-19,The Netherlands,IE,193,99.48
20110119,2011-01-19,Ukraine,SiteBot,547,100.00
20110119,2011-01-19,United Kingdom,Safari,21,42.00
20110119,2011-01-19,United States,Yahoo! Slurp,169,31.65
20110130,2011-01-30,Argentina,IE,13,61.90
20110130,2011-01-30,Belgium,IE,2,100.00
20110130,2011-01-30,China,Baiduspider,48,76.19
20110130,2011-01-30,Finland,Mobile Safari,14,100.00
20110130,2011-01-30,Hong Kong,ichiro/mobile,30,100.00
20110130,2011-01-30,Hungary,IE,14,100.00
20110130,2011-01-30,India,IE,1,100.00
20110130,2011-01-30,Israel,IE,90,100.00
20110130,2011-01-30,Japan,Baiduspider,1,100.00
20110130,2011-01-30,New Zealand,Ask Jeeves,3,100.00
20110130,2011-01-30,Russia,YandexImages,26,65.00
20110130,2011-01-30,South Africa,IE,1,100.00
20110130,2011-01-30,Türkiye,Chrome,2,100.00
20110130,2011-01-30,United Kingdom,IE,139,80.81
20110130,2011-01-30,United States,DotBot,128,30.26
20110205,2011-02-05,Argentina,Firefox,8,100.00
20110205,2011-02-05,Brazil,Firefox,17,100.00
20110205,2011-02-05,China,Baiduspider,49,85.96
20110205,2011-02-05,France,IE,14,87.50
20110205,2011-02-05,Germany,MJ12bot,2,100.00
20110205,2011-02-05,Iceland,Chrome,16,100.00
20110205,2011-02-05,Japan,IE,2,66.67
20110205,2011-02-05,New Zealand,Other,6,100.00
20110205,2011-02-05,Peru,IE,16,100.00
20110205,2011-02-05,Portugal,IE,24,100.00
20110205,2011-02-05,Russia,YandexImages,22,64.71
20110205,2011-02-05,Singapore,IE,1,100.00
20110205,2011-02-05,Spain,Firefox,26,100.00
20110205,2011-02-05,Sweden,Mobile Safari,46,100.00
20110205,2011-02-05,Switzerland,IE,15,100.00
20110205,2011-02-05,The Netherlands,Opera,1,100.00
20110205,2011-02-05,Türkiye,Chrome,4,100.00
20110205,2011-02-05,Ukraine,SiteBot,6,100.00
20110205,2011-02-05,United Kingdom,Chrome,24,51.06
20110205,2011-02-05,United States,Yahoo! Slurp,104,24.88
20110209,2011-02-09,Argentina,Chrome,29,100.00
20110209,2011-02-09,Brazil,IE,2,66.67
20110209,2011-02-09,Canada,IE,92,97.87
20110209,2011-02-09,Chile,Chrome,54,76.06
20110209,2011-02-09,China,Baiduspider,50,73.53
20110209,2011-02-09,Colombia,Chrome,14,100.00
20110209,2011-02-09,France,Firefox,16,88.89
20110209,2011-02-09,Germany,Firefox,122,93.85
20110209,2011-02-09,Hong Kong,Firefox,2,100.00
20110209,2011-02-09,Hungary,Chrome,15,100.00
20110209,2011-02-09,India,IE,16,100.00
20110209,2011-02-09,Japan,IE,2,66.67
20110209,2011-02-09,Jordan,IE,15,100.00
20110209,2011-02-09,Latvia,IE,1,100.00
20110209,2011-02-09,New Zealand,Ask Jeeves,3,100.00
20110209,2011-02-09,Norway,IE,14,100.00
20110209,2011-02-09,Pakistan,IE,2,100.00
20110209,2011-02-09,Philippines,Firefox,59,100.00
20110209,2011-02-09,Poland,Firefox,69,100.00
20110209,2011-02-09,Russia,Firefox,1024,97.06
20110209,2011-02-09,Spain,Safari,16,100.00
20110209,2011-02-09,Sweden,IE,1,100.00
20110209,2011-02-09,United Kingdom,IE,40,61.54
20110209,2011-02-09,United States,Firefox,95,25.54
20110212,2011-02-12,Argentina,Firefox,2,100.00
20110212,2011-02-12,Brazil,Firefox,27,100.00
20110212,2011-02-12,China,Baiduspider,73,85.88
20110212,2011-02-12,Colombia,IE,27,87.10
20110212,2011-02-12,Czechia,Firefox,19,100.00
20110212,2011-02-12,Finland,Safari,11,91.67
20110212,2011-02-12,France,IE,15,100.00
20110212,2011-02-12,Germany,IE,49,100.00
20110212,2011-02-12,Hong Kong,ichiro,7,100.00
20110212,2011-02-12,India,Chrome,22,100.00
20110212,2011-02-12,Japan,Yeti,2,50.00
20110212,2011-02-12,Russia,YandexBot,94,89.52
20110212,2011-02-12,Saudi Arabia,IE,17,94.44
20110212,2011-02-12,South Korea,IE,107,98.17
20110212,2011-02-12,Ukraine,IE,1,100.00
20110212,2011-02-12,United Kingdom,IE,17,94.44
20110212,2011-02-12,United States,Googlebot,121,26.59
20110218,2011-02-18,Argentina,Firefox,128,48.67
20110218,2011-02-18,Australia,IE,21,100.00
20110218,2011-02-18,Brazil,IE,17,100.00
20110218,2011-02-18,Chile,IE,55,100.00
20110218,2011-02-18,China,Baiduspider,48,75.00
20110218,2011-02-18,Ecuador,IE,15,100.00
20110218,2011-02-18,Germany,IE,22,57.89
20110218,2011-02-18,Hong Kong,ichiro,4,100.00
20110218,2011-02-18,India,IE,16,100.00
20110218,2011-02-18,Iran,IE,1,100.00
20110218,2011-02-18,Jamaica,IE,23,100.00
20110218,2011-02-18,Japan,IE,21,95.45
20110218,2011-02-18,Mexico,Chrome,15,100.00
20110218,2011-02-18,New Zealand,Ask Jeeves,3,100.00
20110218,2011-02-18,Philippines,Chrome,24,100.00
20110218,2011-02-18,Poland,IE,3,100.00
20110218,2011-02-18,Russia,YandexBot,89,92.71
20110218,2011-02-18,Singapore,IE,1,100.00
20110218,2011-02-18,South Korea,IE,47,100.00
20110218,2011-02-18,The Netherlands,IE,30,96.77
20110218,2011-02-18,Tunisia,Chrome,21,100.00
20110218,2011-02-18,Türkiye,IE,2,100.00
20110218,2011-02-18,Ukraine,SiteBot,39,100.00
20110218,2011-02-18,United Kingdom,IE,119,83.80
20110218,2011-02-18,United States,Googlebot,473,43.72
20110306,2011-03-06,Argentina,Firefox,203,92.69
20110306,2011-03-06,Australia,Mobile Safari,12,100.00
20110306,2011-03-06,Belgium,IE,26,100.00
20110306,2011-03-06,Canada,IE,16,100.00
20110306,2011-03-06,Chile,IE,17,100.00
20110306,2011-03-06,China,Baiduspider,48,49.48
20110306,2011-03-06,France,Exabot,3,100.00
20110306,2011-03-06,Italy,IE,2,100.00
20110306,2011-03-06,Japan,Lunascape,23,88.46
20110306,2011-03-06,Latvia,Opera,1,100.00
20110306,2011-03-06,New Zealand,Ask Jeeves,3,100.00
20110306,2011-03-06,Poland,IE,33,100.00
20110306,2011-03-06,Russia,YandexImages,48,80.00
20110306,2011-03-06,Senegal,IE,14,100.00
20110306,2011-03-06,Slovakia,Firefox,16,100.00
20110306,2011-03-06,Sweden,Firefox,17,100.00
20110306,2011-03-06,Switzerland,IE,1,100.00
20110306,2011-03-06,Türkiye,Firefox,2,100.00
20110306,2011-03-06,United Kingdom,Firefox,16,41.03
20110306,2011-03-06,United States,Safari,128,30.48
20110405,2011-04-05,Argentina,Chrome,35,70.00
20110405,2011-04-05,Bolivia,Firefox,15,100.00
20110405,2011-04-05,Brazil,IE,15,50.00
20110405,2011-04-05,Canada,Firefox,17,94.44
20110405,2011-04-05,Chile,IE,15,50.00
20110405,2011-04-05,China,Baiduspider,46,86.79
20110405,2011-04-05,Finland,IE,1,100.00
20110405,2011-04-05,France,IE,32,91.43
20110405,2011-04-05,Germany,IE,64,96.97
20110405,2011-04-05,India,Chrome,16,35.56
20110405,2011-04-05,Japan,Baiduspider,2,66.67
20110405,2011-04-05,Jordan,Firefox,17,100.00
20110405,2011-04-05,Russia,YandexImages,43,74.14
20110405,2011-04-05,Serbia,Chrome,1,100.00
20110405,2011-04-05,Singapore,Firefox,1,100.00
20110405,2011-04-05,Spain,Firefox,172,91.98
20110405,2011-04-05,Taiwan,Firefox,19,100.00
20110405,2011-04-05,Thailand,Firefox,1,100.00
20110405,2011-04-05,Ukraine,SiteBot,1002,100.00
20110405,2011-04-05,United Kingdom,IE,20,80.00
20110405,2011-04-05,United States,Googlebot,186,29.52
20110405,2011-04-05,Uruguay,IE,13,100.00
20110407,2011-04-07,Argentina,Firefox,40,100.00
20110407,2011-04-07,Australia,IE,1,100.00
20110407,2011-04-07,Bolivia,Chrome,15,100.00
20110407,2011-04-07,Brazil,IE,251,84.51
20110407,2011-04-07,Chile,Firefox,16,100.00
20110407,2011-04-07,China,Baiduspider,46,85.19
20110407,2011-04-07,Costa Rica,Firefox,4,100.00
20110407,2011-04-07,Finland,Safari,1,100.00
20110407,2011-04-07,France,topyx-crawler,14,93.33
20110407,2011-04-07,Germany,Safari,25,96.15
20110407,2011-04-07,Greece,Firefox,1,100.00
20110407,2011-04-07,Hong Kong,ichiro,1,100.00
20110407,2011-04-07,India,Chrome,15,100.00
20110407,2011-04-07,Japan,IE,4,80.00
20110407,2011-04-07,Malaysia,IE,1,100.00
20110407,2011-04-07,North Macedonia,Chrome,18,100.00
20110407,2011-04-07,Peru,IE,82,100.00
20110407,2011-04-07,Poland,IE,15,100.00
20110407,2011-04-07,Romania,IE,1,100.00
20110407,2011-04-07,Russia,YandexBot,167,54.05
20110407,2011-04-07,Spain,IE,15,93.75
20110407,2011-04-07,United Kingdom,IE,150,55.56
20110407,2011-04-07,United States,Googlebot,312,49.84
20110411,2011-04-11,Argentina,Firefox,42,51.85
20110411,2011-04-11,Brazil,Firefox,23,58.97
20110411,2011-04-11,Canada,IE,19,100.00
20110411,2011-04-11,Chile,Chrome,33,86.84
20110411,2011-04-11,China,Baiduspider,47,47.96
20110411,2011-04-11,Denmark,Chrome,23,100.00
20110411,2011-04-11,Ecuador,Firefox,17,100.00
20110411,2011-04-11,Finland,Safari,1,100.00
20110411,2011-04-11,France,topyx-crawler,2,100.00
20110411,2011-04-11,Germany,Firefox,33,100.00
20110411,2011-04-11,India,IE,22,61.11
20110411,2011-04-11,Japan,Baiduspider,1,100.00
20110411,2011-04-11,Mexico,IE,16,100.00
20110411,2011-04-11,Morocco,Firefox,17,100.00
20110411,2011-04-11,New Zealand,Firefox,16,100.00
20110411,2011-04-11,Norway,Other,12,100.00
20110411,2011-04-11,Pakistan,Opera,16,100.00
20110411,2011-04-11,Peru,IE,39,100.00
20110411,2011-04-11,Russia,YandexImages,140,100.00
20110411,2011-04-11,Spain,Firefox,16,100.00
20110411,2011-04-11,Switzerland,IE,27,100.00
20110411,2011-04-11,Taiwan,IE,15,100.00
20110411,2011-04-11,Türkiye,IE,49,100.00
20110411,2011-04-11,Ukraine,SiteBot,140,100.00
20110411,2011-04-11,United Kingdom,Firefox,187,83.11
20110411,2011-04-11,United States,Googlebot,1002,71.98
20110424,2011-04-24,Argentina,Firefox,25,100.00
20110424,2011-04-24,Australia,IE,15,100.00
20110424,2011-04-24,Brazil,Firefox,16,100.00
20110424,2011-04-24,Canada,IE,16,100.00
20110424,2011-04-24,Chile,Chrome,69,75.00
20110424,2011-04-24,China,Baiduspider,49,89.09
20110424,2011-04-24,Colombia,Chrome,30,100.00
20110424,2011-04-24,France,Chrome,15,100.00
20110424,2011-04-24,Germany,Firefox,1,100.00
20110424,2011-04-24,Hong Kong,IE,1,100.00
20110424,2011-04-24,India,IE,16,100.00
20110424,2011-04-24,Indonesia,Firefox,2,100.00
20110424,2011-04-24,New Zealand,Firefox,27,100.00
20110424,2011-04-24,Pakistan,IE,14,100.00
20110424,2011-04-24,Paraguay,Firefox Beta,1,100.00
20110424,2011-04-24,Romania,Java,1,100.00
20110424,2011-04-24,Russia,YandexImages,232,93.93
20110424,2011-04-24,Singapore,Firefox,1,100.00
20110424,2011-04-24,Spain,Chrome,94,100.00
20110424,2011-04-24,Türkiye,Firefox,1,100.00
20110424,2011-04-24,Ukraine,SiteBot,228,100.00
20110424,2011-04-24,United States,Googlebot,162,38.57
20110427,2011-04-27,Argentina,Chrome,15,93.75
20110427,2011-04-27,Brazil,Firefox,13,50.00
20110427,2011-04-27,Chile,IE,32,66.67
20110427,2011-04-27,China,Baiduspider,46,77.97
20110427,2011-04-27,Ecuador,IE,230,100.00
20110427,2011-04-27,Finland,Safari,3,75.00
20110427,2011-04-27,France,MJ12bot,2,100.00
20110427,2011-04-27,Germany,IE,97,72.39
20110427,2011-04-27,India,Safari,14,100.00
20110427,2011-04-27,Iran,IE,7,100.00
20110427,2011-04-27,Italy,IE,1,100.00
20110427,2011-04-27,Japan,IE,8,100.00
20110427,2011-04-27,New Zealand,IE,15,100.00
20110427,2011-04-27,Peru,IE,32,100.00
20110427,2011-04-27,Poland,IE,15,100.00
20110427,2011-04-27,Russia,YandexImages,33,100.00
20110427,2011-04-27,Singapore,Firefox,17,100.00
20110427,2011-04-27,Thailand,IE,15,100.00
20110427,2011-04-27,Türkiye,IE,17,100.00
20110427,2011-04-27,Ukraine,SiteBot,123,100.00
20110427,2011-04-27,United Kingdom,Firefox,141,66.51
20110427,2011-04-27,United States,IE,209,37.66
20110504,2011-05-04,Argentina,Chrome,15,75.00
20110504,2011-05-04,Australia,IE,29,100.00
20110504,2011-05-04,Belgium,IE,15,100.00
20110504,2011-05-04,Canada,Chrome,22,100.00
20110504,2011-05-04,Chile,Chrome,37,64.91
20110504,2011-05-04,China,Baiduspider,41,69.49
20110504,2011-05-04,Czechia,Opera,15,100.00
20110504,2011-05-04,Denmark,Firefox,28,100.00
20110504,2011-05-04,France,IE,13,81.25
20110504,2011-05-04,Hong Kong,ichiro,23,100.00
20110504,2011-05-04,India,Chrome,137,90.13
20110504,2011-05-04,Italy,IE,26,96.30
20110504,2011-05-04,Japan,IE,2,66.67
20110504,2011-05-04,Mexico,Firefox,21,100.00
20110504,2011-05-04,New Zealand,IE,15,100.00
20110504,2011-05-04,Peru,Chrome,16,100.00
20110504,2011-05-04,Russia,YandexImages,16,61.54
20110504,2011-05-04,Singapore,Firefox,21,51.22
20110504,2011-05-04,South Korea,IE,15,100.00
20110504,2011-05-04,Spain,Firefox,16,100.00
20110504,2011-05-04,Thailand,IE,1,100.00
20110504,2011-05-04,Ukraine,SiteBot,148,98.67
20110504,2011-05-04,United Kingdom,BlackBerry,67,67.68
20110504,2011-05-04,United States,Googlebot,153,24.64
20110510,2011-05-10,Argentina,Chrome,13,86.67
20110510,2011-05-10,Australia,Safari,24,100.00
20110510,2011-05-10,Brazil,IE,15,93.75
20110510,2011-05-10,Canada,Firefox,17,100.00
20110510,2011-05-10,China,Baiduspider,76,85.39
20110510,2011-05-10,France,Firefox,139,100.00
20110510,2011-05-10,Germany,Opera,17,48.57
20110510,2011-05-10,Guatemala,IE,13,100.00
20110510,2011-05-10,Hungary,IE,159,100.00
20110510,2011-05-10,India,Firefox,18,100.00
20110510,2011-05-10,Peru,IE,7,100.00
20110510,2011-05-10,Russia,YandexImages,105,93.75
20110510,2011-05-10,Slovenia,IE,14,100.00
20110510,2011-05-10,The Netherlands,IE,1,100.00
20110510,2011-05-10,United Kingdom,Chrome,774,68.62
20110510,2011-05-10,United States,Googlebot,207,24.35
20110510,2011-05-10,Vietnam,IE,1,100.00
20110516,2011-05-16,Argentina,Firefox,2,100.00
20110516,2011-05-16,Australia,IE,39,69.64
20110516,2011-05-16,Austria,Firefox,50,100.00
20110516,2011-05-16,Belgium,Mobile Safari,14,93.33
20110516,2011-05-16,Brazil,Chrome,3,100.00
20110516,2011-05-16,Bulgaria,Firefox,21,100.00
20110516,2011-05-16,Canada,Firefox,15,51.72
20110516,2011-05-16,Chile,Firefox,62,100.00
20110516,2011-05-16,China,Baiduspider,43,52.44
20110516,2011-05-16,Faroe Islands,IE,15,100.00
20110516,2011-05-16,France,Exabot,2,100.00
20110516,2011-05-16,Germany,IE,18,81.82
20110516,2011-05-16,Hong Kong,ichiro,2,100.00
20110516,2011-05-16,India,IE,29,50.88
20110516,2011-05-16,Indonesia,Firefox,115,100.00
20110516,2011-05-16,Iran,IE,11,100.00
20110516,2011-05-16,Ireland,IE,15,100.00
20110516,2011-05-16,Israel,IE,1,100.00
20110516,2011-05-16,Italy,Chrome,23,100.00
20110516,2011-05-16,Mexico,Firefox,44,51.16
20110516,2011-05-16,Peru,Chrome,20,100.00
20110516,2011-05-16,Russia,YandexImages,102,79.69
20110516,2011-05-16,Spain,Chrome,15,100.00
20110516,2011-05-16,Türkiye,Firefox,16,100.00
20110516,2011-05-16,Ukraine,IE,1,100.00
20110516,2011-05-16,United Kingdom,IE,178,100.00
20110516,2011-05-16,United States,DotBot,125,26.37
20110516,2011-05-16,Venezuela,IE,10,100.00
